old_path,new_path
src/Controller/Payment/Webhook/PayPalWebhookController.php/PayPalWebhookController.php,src/Controller/Payment/Webhook/PayPalWebhookController.php/PayPalWebhookController.php/PayPalWebhookController.php
src/Controller/Payment/Webhook/StripeWebhookController.php/StripeWebhookController.php,src/Controller/Payment/Webhook/StripeWebhookController.php/StripeWebhookController.php/StripeWebhookController.php
src/ControllerInterface/Payment/Webhook/PayPalWebhookController.php/PayPalWebhookControllerInterface.php,src/DomainInterface/Payment/Webhook/PayPalWebhookController.php/PayPalWebhookControllerInterface.php/PayPalWebhookControllerInterface.php
src/ControllerInterface/Payment/Webhook/StripeWebhookController.php/StripeWebhookControllerInterface.php,src/DomainInterface/Payment/Webhook/StripeWebhookController.php/StripeWebhookControllerInterface.php/StripeWebhookControllerInterface.php
src/Domain/Payment/GatewayCode.php/GatewayCode.php,src/Domain/Payment/GatewayCode.php/GatewayCode.php/GatewayCode.php
src/Domain/Payment/PaymentCapturedEvent.php/PaymentCapturedEvent.php,src/Domain/Payment/PaymentCapturedEvent.php/PaymentCapturedEvent.php/PaymentCapturedEvent.php
src/Domain/Payment/PaymentCreateCommand.php/PaymentCreateCommand.php,src/Domain/Payment/PaymentCreateCommand.php/PaymentCreateCommand.php/PaymentCreateCommand.php
src/Domain/Payment/PaymentCreateHandler.php/PaymentCreateHandler.php,src/Domain/Payment/PaymentCreateHandler.php/PaymentCreateHandler.php/PaymentCreateHandler.php
src/Domain/Payment/PaymentEventConsumer.php/PaymentEventConsumer.php,src/Domain/Payment/PaymentEventConsumer.php/PaymentEventConsumer.php/PaymentEventConsumer.php
src/Domain/Payment/PaymentFailedEvent.php/PaymentFailedEvent.php,src/Domain/Payment/PaymentFailedEvent.php/PaymentFailedEvent.php/PaymentFailedEvent.php
src/Domain/Payment/PaymentReference.php/PaymentReference.php,src/Domain/Payment/PaymentReference.php/PaymentReference.php/PaymentReference.php
src/Domain/Payment/PaymentRefundCommand.php/PaymentRefundCommand.php,src/Domain/Payment/PaymentRefundCommand.php/PaymentRefundCommand.php/PaymentRefundCommand.php
src/Domain/Payment/PaymentRefundHandler.php/PaymentRefundHandler.php,src/Domain/Payment/PaymentRefundHandler.php/PaymentRefundHandler.php/PaymentRefundHandler.php
src/Domain/Payment/PaymentRefundedEvent.php/PaymentRefundedEvent.php,src/Domain/Payment/PaymentRefundedEvent.php/PaymentRefundedEvent.php/PaymentRefundedEvent.php
src/Domain/Payment/TransactionId.php/TransactionId.php,src/Domain/Payment/TransactionId.php/TransactionId.php/TransactionId.php
src/DomainInterface/Payment/Gateway/PayPalGatewayInterface.php/PayPalGatewayInterface.php,src/DomainInterface/Payment/Gateway/PayPalGatewayInterface.php/PayPalGatewayInterface.php/PayPalGatewayInterface.php
src/DomainInterface/Payment/Gateway/StripeGatewayInterface.php/StripeGatewayInterface.php,src/DomainInterface/Payment/Gateway/StripeGatewayInterface.php/StripeGatewayInterface.php/StripeGatewayInterface.php
src/DomainInterface/Payment/GatewayCode.php/GatewayCodeInterface.php,src/DomainInterface/Payment/GatewayCode.php/GatewayCodeInterface.php/GatewayCodeInterface.php
src/DomainInterface/Payment/Outbox/PaymentOutboxProcessorInterface.php/PaymentOutboxProcessorInterface.php,src/DomainInterface/Payment/Outbox/PaymentOutboxProcessorInterface.php/PaymentOutboxProcessorInterface.php/PaymentOutboxProcessorInterface.php
src/DomainInterface/Payment/PaymentCapturedEvent.php/PaymentCapturedEventInterface.php,src/DomainInterface/Payment/PaymentCapturedEvent.php/PaymentCapturedEventInterface.php/PaymentCapturedEventInterface.php
src/DomainInterface/Payment/PaymentCreateCommand.php/PaymentCreateCommandInterface.php,src/DomainInterface/Payment/PaymentCreateCommand.php/PaymentCreateCommandInterface.php/PaymentCreateCommandInterface.php
src/DomainInterface/Payment/PaymentCreateHandler.php/PaymentCreateHandlerInterface.php,src/DomainInterface/Payment/PaymentCreateHandler.php/PaymentCreateHandlerInterface.php/PaymentCreateHandlerInterface.php
src/DomainInterface/Payment/PaymentEventConsumer.php/PaymentEventConsumerInterface.php,src/DomainInterface/Payment/PaymentEventConsumer.php/PaymentEventConsumerInterface.php/PaymentEventConsumerInterface.php
src/DomainInterface/Payment/PaymentFailedEvent.php/PaymentFailedEventInterface.php,src/DomainInterface/Payment/PaymentFailedEvent.php/PaymentFailedEventInterface.php/PaymentFailedEventInterface.php
src/DomainInterface/Payment/PaymentGatewayInterface.php/PaymentGatewayInterface.php,src/DomainInterface/Payment/PaymentGatewayInterface.php/PaymentGatewayInterface.php/PaymentGatewayInterface.php
src/DomainInterface/Payment/PaymentInterface.php/PaymentInterface.php,src/DomainInterface/Payment/PaymentInterface.php/PaymentInterface.php/PaymentInterface.php
src/DomainInterface/Payment/PaymentMethodInterface.php/PaymentMethodInterface.php,src/DomainInterface/Payment/PaymentMethodInterface.php/PaymentMethodInterface.php/PaymentMethodInterface.php
src/DomainInterface/Payment/PaymentOutboxMessageInterface.php/PaymentOutboxMessageInterface.php,src/DomainInterface/Payment/PaymentOutboxMessageInterface.php/PaymentOutboxMessageInterface.php/PaymentOutboxMessageInterface.php
src/DomainInterface/Payment/PaymentReference.php/PaymentReferenceInterface.php,src/DomainInterface/Payment/PaymentReference.php/PaymentReferenceInterface.php/PaymentReferenceInterface.php
src/DomainInterface/Payment/PaymentRefundCommand.php/PaymentRefundCommandInterface.php,src/DomainInterface/Payment/PaymentRefundCommand.php/PaymentRefundCommandInterface.php/PaymentRefundCommandInterface.php
src/DomainInterface/Payment/PaymentRefundHandler.php/PaymentRefundHandlerInterface.php,src/DomainInterface/Payment/PaymentRefundHandler.php/PaymentRefundHandlerInterface.php/PaymentRefundHandlerInterface.php
src/DomainInterface/Payment/PaymentRefundInterface.php/PaymentRefundInterface.php,src/DomainInterface/Payment/PaymentRefundInterface.php/PaymentRefundInterface.php/PaymentRefundInterface.php
src/DomainInterface/Payment/PaymentRefundedEvent.php/PaymentRefundedEventInterface.php,src/DomainInterface/Payment/PaymentRefundedEvent.php/PaymentRefundedEventInterface.php/PaymentRefundedEventInterface.php
src/DomainInterface/Payment/PaymentRepositoryInterface.php/PaymentRepositoryInterface.php,src/DomainInterface/Payment/PaymentRepositoryInterface.php/PaymentRepositoryInterface.php/PaymentRepositoryInterface.php
src/DomainInterface/Payment/PaymentServiceInterface.php/PaymentServiceInterface.php,src/DomainInterface/Payment/PaymentServiceInterface.php/PaymentServiceInterface.php/PaymentServiceInterface.php
src/DomainInterface/Payment/PaymentTransactionInterface.php/PaymentTransactionInterface.php,src/DomainInterface/Payment/PaymentTransactionInterface.php/PaymentTransactionInterface.php/PaymentTransactionInterface.php
src/DomainInterface/Payment/Reconciliation/PaymentReconciliationServiceInterface.php/PaymentReconciliationServiceInterface.php,src/DomainInterface/Payment/Reconciliation/PaymentReconciliationServiceInterface.php/PaymentReconciliationServiceInterface.php/PaymentReconciliationServiceInterface.php
src/DomainInterface/Payment/RefundServiceInterface.php/RefundServiceInterface.php,src/DomainInterface/Payment/RefundServiceInterface.php/RefundServiceInterface.php/RefundServiceInterface.php
src/DomainInterface/Payment/ServiceInterface/Order/OrderStatusPortInterface.php/OrderStatusPortInterface.php,src/DomainInterface/Payment/ServiceInterface/Order/OrderStatusPortInterface.php/OrderStatusPortInterface.php/OrderStatusPortInterface.php
src/DomainInterface/Payment/StripePaymentProviderInterface.php/StripePaymentProviderInterface.php,src/DomainInterface/Payment/StripePaymentProviderInterface.php/StripePaymentProviderInterface.php/StripePaymentProviderInterface.php
src/DomainInterface/Payment/TransactionId.php/TransactionIdInterface.php,src/DomainInterface/Payment/TransactionId.php/TransactionIdInterface.php/TransactionIdInterface.php
src/DomainInterface/Payment/Webhook/JsonSchemaValidatorInterface.php/JsonSchemaValidatorInterface.php,src/DomainInterface/Payment/Webhook/JsonSchemaValidatorInterface.php/JsonSchemaValidatorInterface.php/JsonSchemaValidatorInterface.php
src/Entity/Payment/Payment.php/Payment.php,src/Entity/Payment/Payment.php/Payment.php/Payment.php
src/Entity/Payment/PaymentGateway.php/PaymentGateway.php,src/Entity/Payment/PaymentGateway.php/PaymentGateway.php/PaymentGateway.php
src/Entity/Payment/PaymentMethod.php/PaymentMethod.php,src/Entity/Payment/PaymentMethod.php/PaymentMethod.php/PaymentMethod.php
src/Entity/Payment/PaymentOutboxMessage.php/PaymentOutboxMessage.php,src/Entity/Payment/PaymentOutboxMessage.php/PaymentOutboxMessage.php/PaymentOutboxMessage.php
src/Entity/Payment/PaymentRefund.php/PaymentRefund.php,src/Entity/Payment/PaymentRefund.php/PaymentRefund.php/PaymentRefund.php
src/Entity/Payment/PaymentTransaction.php/PaymentTransaction.php,src/Entity/Payment/PaymentTransaction.php/PaymentTransaction.php/PaymentTransaction.php
src/EntityInterface/Payment/Payment.php/PaymentInterface.php,src/DomainInterface/Payment/Payment.php/PaymentInterface.php/PaymentInterface.php
src/EntityInterface/Payment/PaymentGateway.php/PaymentGatewayInterface.php,src/DomainInterface/Payment/PaymentGateway.php/PaymentGatewayInterface.php/PaymentGatewayInterface.php
src/EntityInterface/Payment/PaymentMethod.php/PaymentMethodInterface.php,src/DomainInterface/Payment/PaymentMethod.php/PaymentMethodInterface.php/PaymentMethodInterface.php
src/EntityInterface/Payment/PaymentOutboxMessage.php/PaymentOutboxMessageInterface.php,src/DomainInterface/Payment/PaymentOutboxMessage.php/PaymentOutboxMessageInterface.php/PaymentOutboxMessageInterface.php
src/EntityInterface/Payment/PaymentRefund.php/PaymentRefundInterface.php,src/DomainInterface/Payment/PaymentRefund.php/PaymentRefundInterface.php/PaymentRefundInterface.php
src/EntityInterface/Payment/PaymentTransaction.php/PaymentTransactionInterface.php,src/DomainInterface/Payment/PaymentTransaction.php/PaymentTransactionInterface.php/PaymentTransactionInterface.php
src/Infrastructure/Payment/PaymentE2eDemoCommand.php/PaymentE2eDemoCommand.php,src/Infrastructure/Payment/PaymentE2eDemoCommand.php/PaymentE2eDemoCommand.php/PaymentE2eDemoCommand.php
src/Infrastructure/Payment/PaymentOutboxProcessCommand.php/PaymentOutboxProcessCommand.php,src/Infrastructure/Payment/PaymentOutboxProcessCommand.php/PaymentOutboxProcessCommand.php/PaymentOutboxProcessCommand.php
src/Infrastructure/Payment/PaymentRepository.php/PaymentRepository.php,src/Infrastructure/Payment/PaymentRepository.php/PaymentRepository.php/PaymentRepository.php
src/InfrastructureInterface/Payment/PaymentE2eDemoCommand.php/PaymentE2eDemoCommandInterface.php,src/DomainInterface/Payment/PaymentE2eDemoCommand.php/PaymentE2eDemoCommandInterface.php/PaymentE2eDemoCommandInterface.php
src/InfrastructureInterface/Payment/PaymentOutboxProcessCommand.php/PaymentOutboxProcessCommandInterface.php,src/DomainInterface/Payment/PaymentOutboxProcessCommand.php/PaymentOutboxProcessCommandInterface.php/PaymentOutboxProcessCommandInterface.php
src/InfrastructureInterface/Payment/PaymentRepository.php/PaymentRepositoryInterface.php,src/DomainInterface/Payment/PaymentRepository.php/PaymentRepositoryInterface.php/PaymentRepositoryInterface.php
src/Service/Payment/Dto/PaymentCreateInput.php/PaymentCreateInput.php,src/Service/Payment/Dto/PaymentCreateInput.php/PaymentCreateInput.php/PaymentCreateInput.php
src/Service/Payment/Dto/PaymentRefundInput.php/PaymentRefundInput.php,src/Service/Payment/Dto/PaymentRefundInput.php/PaymentRefundInput.php/PaymentRefundInput.php
src/Service/Payment/Gateway/PayPalGateway.php/PayPalGateway.php,src/Service/Payment/Gateway/PayPalGateway.php/PayPalGateway.php/PayPalGateway.php
src/Service/Payment/Gateway/StripeGateway.php/StripeGateway.php,src/Service/Payment/Gateway/StripeGateway.php/StripeGateway.php/StripeGateway.php
src/Service/Payment/Order/NullOrderStatusPort.php/NullOrderStatusPort.php,src/Service/Payment/Order/NullOrderStatusPort.php/NullOrderStatusPort.php/NullOrderStatusPort.php
src/Service/Payment/Outbox/PaymentOutboxProcessor.php/PaymentOutboxProcessor.php,src/Service/Payment/Outbox/PaymentOutboxProcessor.php/PaymentOutboxProcessor.php/PaymentOutboxProcessor.php
src/Service/Payment/PaymentService.php/PaymentService.php,src/Service/Payment/PaymentService.php/PaymentService.php/PaymentService.php
src/Service/Payment/Processor/PaymentCreateProcessor.php/PaymentCreateProcessor.php,src/Service/Payment/Processor/PaymentCreateProcessor.php/PaymentCreateProcessor.php/PaymentCreateProcessor.php
src/Service/Payment/Processor/PaymentRefundProcessor.php/PaymentRefundProcessor.php,src/Service/Payment/Processor/PaymentRefundProcessor.php/PaymentRefundProcessor.php/PaymentRefundProcessor.php
src/Service/Payment/Reconciliation/PaymentReconciliationService.php/PaymentReconciliationService.php,src/Service/Payment/Reconciliation/PaymentReconciliationService.php/PaymentReconciliationService.php/PaymentReconciliationService.php
src/Service/Payment/RefundService.php/RefundService.php,src/Service/Payment/RefundService.php/RefundService.php/RefundService.php
src/Service/Payment/Resource/PaymentCreateRequest.php/PaymentCreateRequest.php,src/Service/Payment/Resource/PaymentCreateRequest.php/PaymentCreateRequest.php/PaymentCreateRequest.php
src/Service/Payment/Resource/PaymentRefundRequest.php/PaymentRefundRequest.php,src/Service/Payment/Resource/PaymentRefundRequest.php/PaymentRefundRequest.php/PaymentRefundRequest.php
src/Service/Payment/Resource/PaymentResource.php/PaymentResource.php,src/Service/Payment/Resource/PaymentResource.php/PaymentResource.php/PaymentResource.php
src/Service/Payment/Resource/RefundResource.php/RefundResource.php,src/Service/Payment/Resource/RefundResource.php/RefundResource.php/RefundResource.php
src/Service/Payment/StripePaymentProvider.php/StripePaymentProvider.php,src/Service/Payment/StripePaymentProvider.php/StripePaymentProvider.php/StripePaymentProvider.php
src/Service/Payment/Webhook/JsonSchemaValidator.php/JsonSchemaValidator.php,src/Service/Payment/Webhook/JsonSchemaValidator.php/JsonSchemaValidator.php/JsonSchemaValidator.php
src/ServiceInterface/Payment/Dto/PaymentCreateInput.php/PaymentCreateInputInterface.php,src/DomainInterface/Payment/Dto/PaymentCreateInput.php/PaymentCreateInputInterface.php/PaymentCreateInputInterface.php
src/ServiceInterface/Payment/Dto/PaymentRefundInput.php/PaymentRefundInputInterface.php,src/DomainInterface/Payment/Dto/PaymentRefundInput.php/PaymentRefundInputInterface.php/PaymentRefundInputInterface.php
src/ServiceInterface/Payment/Gateway/PayPalGateway.php/PayPalGatewayInterface.php,src/DomainInterface/Payment/Gateway/PayPalGateway.php/PayPalGatewayInterface.php/PayPalGatewayInterface.php
src/ServiceInterface/Payment/Gateway/StripeGateway.php/StripeGatewayInterface.php,src/DomainInterface/Payment/Gateway/StripeGateway.php/StripeGatewayInterface.php/StripeGatewayInterface.php
src/ServiceInterface/Payment/Order/NullOrderStatusPort.php/NullOrderStatusPortInterface.php,src/DomainInterface/Payment/Order/NullOrderStatusPort.php/NullOrderStatusPortInterface.php/NullOrderStatusPortInterface.php
src/ServiceInterface/Payment/Outbox/PaymentOutboxProcessor.php/PaymentOutboxProcessorInterface.php,src/DomainInterface/Payment/Outbox/PaymentOutboxProcessor.php/PaymentOutboxProcessorInterface.php/PaymentOutboxProcessorInterface.php
src/ServiceInterface/Payment/PaymentService.php/PaymentServiceInterface.php,src/DomainInterface/Payment/PaymentService.php/PaymentServiceInterface.php/PaymentServiceInterface.php
src/ServiceInterface/Payment/Processor/PaymentCreateProcessor.php/PaymentCreateProcessorInterface.php,src/DomainInterface/Payment/Processor/PaymentCreateProcessor.php/PaymentCreateProcessorInterface.php/PaymentCreateProcessorInterface.php
src/ServiceInterface/Payment/Processor/PaymentRefundProcessor.php/PaymentRefundProcessorInterface.php,src/DomainInterface/Payment/Processor/PaymentRefundProcessor.php/PaymentRefundProcessorInterface.php/PaymentRefundProcessorInterface.php
src/ServiceInterface/Payment/Reconciliation/PaymentReconciliationService.php/PaymentReconciliationServiceInterface.php,src/DomainInterface/Payment/Reconciliation/PaymentReconciliationService.php/PaymentReconciliationServiceInterface.php/PaymentReconciliationServiceInterface.php
src/ServiceInterface/Payment/RefundService.php/RefundServiceInterface.php,src/DomainInterface/Payment/RefundService.php/RefundServiceInterface.php/RefundServiceInterface.php
src/ServiceInterface/Payment/Resource/PaymentCreateRequest.php/PaymentCreateRequestInterface.php,src/DomainInterface/Payment/Resource/PaymentCreateRequest.php/PaymentCreateRequestInterface.php/PaymentCreateRequestInterface.php
src/ServiceInterface/Payment/Resource/PaymentRefundRequest.php/PaymentRefundRequestInterface.php,src/DomainInterface/Payment/Resource/PaymentRefundRequest.php/PaymentRefundRequestInterface.php/PaymentRefundRequestInterface.php
src/ServiceInterface/Payment/Resource/PaymentResource.php/PaymentResourceInterface.php,src/DomainInterface/Payment/Resource/PaymentResource.php/PaymentResourceInterface.php/PaymentResourceInterface.php
src/ServiceInterface/Payment/Resource/RefundResource.php/RefundResourceInterface.php,src/DomainInterface/Payment/Resource/RefundResource.php/RefundResourceInterface.php/RefundResourceInterface.php
src/ServiceInterface/Payment/StripePaymentProvider.php/StripePaymentProviderInterface.php,src/DomainInterface/Payment/StripePaymentProvider.php/StripePaymentProviderInterface.php/StripePaymentProviderInterface.php
src/ServiceInterface/Payment/Webhook/JsonSchemaValidator.php/JsonSchemaValidatorInterface.php,src/DomainInterface/Payment/Webhook/JsonSchemaValidator.php/JsonSchemaValidatorInterface.php/JsonSchemaValidatorInterface.php
src/Controller/Payment/Webhook/PayPalWebhookController.php/PayPalWebhookController.php/PayPalWebhookController.php,src/ControllerInterface/Payment/Webhook/PayPalWebhookController.php/PayPalWebhookController.php/PayPalWebhookControllerInterface.php
src/Controller/Payment/Webhook/StripeWebhookController.php/StripeWebhookController.php/StripeWebhookController.php,src/ControllerInterface/Payment/Webhook/StripeWebhookController.php/StripeWebhookController.php/StripeWebhookControllerInterface.php
src/Domain/Payment/GatewayCode.php/GatewayCode.php/GatewayCode.php,src/DomainInterface/Payment/GatewayCode.php/GatewayCode.php/GatewayCodeInterface.php
src/Domain/Payment/PaymentCapturedEvent.php/PaymentCapturedEvent.php/PaymentCapturedEvent.php,src/DomainInterface/Payment/PaymentCapturedEvent.php/PaymentCapturedEvent.php/PaymentCapturedEventInterface.php
src/Domain/Payment/PaymentCreateCommand.php/PaymentCreateCommand.php/PaymentCreateCommand.php,src/DomainInterface/Payment/PaymentCreateCommand.php/PaymentCreateCommand.php/PaymentCreateCommandInterface.php
src/Domain/Payment/PaymentCreateHandler.php/PaymentCreateHandler.php/PaymentCreateHandler.php,src/DomainInterface/Payment/PaymentCreateHandler.php/PaymentCreateHandler.php/PaymentCreateHandlerInterface.php
src/Domain/Payment/PaymentEventConsumer.php/PaymentEventConsumer.php/PaymentEventConsumer.php,src/DomainInterface/Payment/PaymentEventConsumer.php/PaymentEventConsumer.php/PaymentEventConsumerInterface.php
src/Domain/Payment/PaymentFailedEvent.php/PaymentFailedEvent.php/PaymentFailedEvent.php,src/DomainInterface/Payment/PaymentFailedEvent.php/PaymentFailedEvent.php/PaymentFailedEventInterface.php
src/Domain/Payment/PaymentReference.php/PaymentReference.php/PaymentReference.php,src/DomainInterface/Payment/PaymentReference.php/PaymentReference.php/PaymentReferenceInterface.php
src/Domain/Payment/PaymentRefundCommand.php/PaymentRefundCommand.php/PaymentRefundCommand.php,src/DomainInterface/Payment/PaymentRefundCommand.php/PaymentRefundCommand.php/PaymentRefundCommandInterface.php
src/Domain/Payment/PaymentRefundHandler.php/PaymentRefundHandler.php/PaymentRefundHandler.php,src/DomainInterface/Payment/PaymentRefundHandler.php/PaymentRefundHandler.php/PaymentRefundHandlerInterface.php
src/Domain/Payment/PaymentRefundedEvent.php/PaymentRefundedEvent.php/PaymentRefundedEvent.php,src/DomainInterface/Payment/PaymentRefundedEvent.php/PaymentRefundedEvent.php/PaymentRefundedEventInterface.php
src/Domain/Payment/TransactionId.php/TransactionId.php/TransactionId.php,src/DomainInterface/Payment/TransactionId.php/TransactionId.php/TransactionIdInterface.php
src/Entity/Payment/Payment.php/Payment.php/Payment.php,src/EntityInterface/Payment/Payment.php/Payment.php/PaymentInterface.php
src/Entity/Payment/PaymentGateway.php/PaymentGateway.php/PaymentGateway.php,src/EntityInterface/Payment/PaymentGateway.php/PaymentGateway.php/PaymentGatewayInterface.php
src/Entity/Payment/PaymentMethod.php/PaymentMethod.php/PaymentMethod.php,src/EntityInterface/Payment/PaymentMethod.php/PaymentMethod.php/PaymentMethodInterface.php
src/Entity/Payment/PaymentOutboxMessage.php/PaymentOutboxMessage.php/PaymentOutboxMessage.php,src/EntityInterface/Payment/PaymentOutboxMessage.php/PaymentOutboxMessage.php/PaymentOutboxMessageInterface.php
src/Entity/Payment/PaymentRefund.php/PaymentRefund.php/PaymentRefund.php,src/EntityInterface/Payment/PaymentRefund.php/PaymentRefund.php/PaymentRefundInterface.php
src/Entity/Payment/PaymentTransaction.php/PaymentTransaction.php/PaymentTransaction.php,src/EntityInterface/Payment/PaymentTransaction.php/PaymentTransaction.php/PaymentTransactionInterface.php
src/Infrastructure/Payment/PaymentE2eDemoCommand.php/PaymentE2eDemoCommand.php/PaymentE2eDemoCommand.php,src/InfrastructureInterface/Payment/PaymentE2eDemoCommand.php/PaymentE2eDemoCommand.php/PaymentE2eDemoCommandInterface.php
src/Infrastructure/Payment/PaymentOutboxProcessCommand.php/PaymentOutboxProcessCommand.php/PaymentOutboxProcessCommand.php,src/InfrastructureInterface/Payment/PaymentOutboxProcessCommand.php/PaymentOutboxProcessCommand.php/PaymentOutboxProcessCommandInterface.php
src/Infrastructure/Payment/PaymentRepository.php/PaymentRepository.php/PaymentRepository.php,src/InfrastructureInterface/Payment/PaymentRepository.php/PaymentRepository.php/PaymentRepositoryInterface.php
src/Service/Payment/Dto/PaymentCreateInput.php/PaymentCreateInput.php/PaymentCreateInput.php,src/ServiceInterface/Payment/Dto/PaymentCreateInput.php/PaymentCreateInput.php/PaymentCreateInputInterface.php
src/Service/Payment/Dto/PaymentRefundInput.php/PaymentRefundInput.php/PaymentRefundInput.php,src/ServiceInterface/Payment/Dto/PaymentRefundInput.php/PaymentRefundInput.php/PaymentRefundInputInterface.php
src/Service/Payment/Gateway/PayPalGateway.php/PayPalGateway.php/PayPalGateway.php,src/ServiceInterface/Payment/Gateway/PayPalGateway.php/PayPalGateway.php/PayPalGatewayInterface.php
src/Service/Payment/Gateway/StripeGateway.php/StripeGateway.php/StripeGateway.php,src/ServiceInterface/Payment/Gateway/StripeGateway.php/StripeGateway.php/StripeGatewayInterface.php
src/Service/Payment/Order/NullOrderStatusPort.php/NullOrderStatusPort.php/NullOrderStatusPort.php,src/ServiceInterface/Payment/Order/NullOrderStatusPort.php/NullOrderStatusPort.php/NullOrderStatusPortInterface.php
src/Service/Payment/Outbox/PaymentOutboxProcessor.php/PaymentOutboxProcessor.php/PaymentOutboxProcessor.php,src/ServiceInterface/Payment/Outbox/PaymentOutboxProcessor.php/PaymentOutboxProcessor.php/PaymentOutboxProcessorInterface.php
src/Service/Payment/PaymentService.php/PaymentService.php/PaymentService.php,src/ServiceInterface/Payment/PaymentService.php/PaymentService.php/PaymentServiceInterface.php
src/Service/Payment/Processor/PaymentCreateProcessor.php/PaymentCreateProcessor.php/PaymentCreateProcessor.php,src/ServiceInterface/Payment/Processor/PaymentCreateProcessor.php/PaymentCreateProcessor.php/PaymentCreateProcessorInterface.php
src/Service/Payment/Processor/PaymentRefundProcessor.php/PaymentRefundProcessor.php/PaymentRefundProcessor.php,src/ServiceInterface/Payment/Processor/PaymentRefundProcessor.php/PaymentRefundProcessor.php/PaymentRefundProcessorInterface.php
src/Service/Payment/Reconciliation/PaymentReconciliationService.php/PaymentReconciliationService.php/PaymentReconciliationService.php,src/ServiceInterface/Payment/Reconciliation/PaymentReconciliationService.php/PaymentReconciliationService.php/PaymentReconciliationServiceInterface.php
src/Service/Payment/RefundService.php/RefundService.php/RefundService.php,src/ServiceInterface/Payment/RefundService.php/RefundService.php/RefundServiceInterface.php
src/Service/Payment/Resource/PaymentCreateRequest.php/PaymentCreateRequest.php/PaymentCreateRequest.php,src/ServiceInterface/Payment/Resource/PaymentCreateRequest.php/PaymentCreateRequest.php/PaymentCreateRequestInterface.php
src/Service/Payment/Resource/PaymentRefundRequest.php/PaymentRefundRequest.php/PaymentRefundRequest.php,src/ServiceInterface/Payment/Resource/PaymentRefundRequest.php/PaymentRefundRequest.php/PaymentRefundRequestInterface.php
src/Service/Payment/Resource/PaymentResource.php/PaymentResource.php/PaymentResource.php,src/ServiceInterface/Payment/Resource/PaymentResource.php/PaymentResource.php/PaymentResourceInterface.php
src/Service/Payment/Resource/RefundResource.php/RefundResource.php/RefundResource.php,src/ServiceInterface/Payment/Resource/RefundResource.php/RefundResource.php/RefundResourceInterface.php
src/Service/Payment/StripePaymentProvider.php/StripePaymentProvider.php/StripePaymentProvider.php,src/ServiceInterface/Payment/StripePaymentProvider.php/StripePaymentProvider.php/StripePaymentProviderInterface.php
src/Service/Payment/Webhook/JsonSchemaValidator.php/JsonSchemaValidator.php/JsonSchemaValidator.php,src/ServiceInterface/Payment/Webhook/JsonSchemaValidator.php/JsonSchemaValidator.php/JsonSchemaValidatorInterface.php
